Tanggal,MataUang,Jumlah,Harga,Total,JenisTransaksi
2025-04-14,EUR,200,18835,3767000,beli
2025-04-15,BND,300,12000,3600000,beli
2025-04-16,BND,200,12000,2400000,beli
2025-04-16,MYR,2500,3860,9650000,jual
2025-04-17,SGD,50,12000,600000,beli
2025-04-17,SGD,50,12000,600000,beli
2025-04-17,MYR,100,3500,350000,beli
2025-04-17,MYR,500,3500,1750000,beli
2025-04-17,MYR,300,3500,1050000,beli
2025-04-17,MYR,300,3500,1050000,beli
2025-04-18,MYR,1000,3500,3500000,beli
2025-04-18,MYR,300,3500,1050000,beli
2025-04-18,SGD,100,12000,1200000,beli
2025-04-18,MYR,100,3500,350000,beli
2025-04-18,SGD,50,12000,600000,beli
2025-04-18,MYR,200,3500,700000,beli
2025-04-18,MYR,250,3500,875000,beli
2025-04-18,MYR,150,3500,525000,beli
2025-04-18,MYR,150,3500,525000,beli
2025-04-19,SAR,250,4300,1075000,beli
2025-04-19,MYR,200,3500,700000,beli
2025-04-19,MYR,150,3500,525000,beli
2025-04-19,MYR,500,3500,1750000,beli
2025-04-19,MYR,100,3500,350000,beli
2025-04-20,SGD,500,12200,6100000,beli
2025-04-21,BND,200,12300,2460000,beli
2025-04-21,BND,50,12300,615000,beli
2025-04-21,BND,1000,12300,12300000,beli
2025-04-21,USD,700,16200,11340000,beli
2025-04-21,BND,1950,12855,25067250,jual
2025-04-21,USD,800,16790,13432000,jual
2025-04-21,USD,300,16775,5032500,jual
2025-04-22,BND,100,12300,1230000,beli
2025-04-22,BND,25,12100,302500,beli
2025-04-22,MYR,2000,3855,7710000,jual
2025-04-22,BND,100,12890,1289000,beli
2025-04-22,BND,40,12790,511600,beli
2025-04-23,MYR,1000,3700,3700000,beli
2025-04-24,MYR,500,3500,1750000,beli
2025-04-24,MYR,400,3500,1400000,beli
2025-04-24,MYR,20,3200,64000,beli
2025-04-24,MYR,500,3510,1755000,beli
2025-04-25,SGD,100,12880,1288000,jual
2025-04-25,SGD,50,12880,644000,jual
2025-04-25,SGD,400,12880,5152000,jual
2025-04-26,MYR,150,3600,540000,beli
2025-04-26,MYR,10,3200,32000,beli
2025-04-26,MYR,200,3500,700000,beli
2025-04-26,MYR,50,3600,180000,beli
2025-04-26,MYR,10,3200,32000,beli
2025-04-26,MYR,5,2500,12500,beli
2025-04-26,MYR,100,3500,350000,beli
2025-04-26,MYR,150,3600,540000,beli
2025-04-26,MYR,30,3200,96000,beli
2025-04-26,MYR,5,2500,12500,beli
2025-04-26,MYR,500,3880,1940000,jual
2025-04-28,MYR,900,3500,3150000,beli
2025-04-28,MYR,50,3500,175000,beli
2025-04-28,MYR,200,3500,700000,beli
2025-04-28,MYR,50,3600,180000,beli
2025-04-28,MYR,30,3200,96000,beli
2025-04-29,MYR,5000,3875,19375000,jual
2025-04-29,SGD,300,12870,3861000,jual
2025-04-29,MYR,200,3500,700000,beli
2025-04-30,MYR,150,3500,525000,beli
2025-04-30,MYR,250,3500,875000,beli
2025-04-30,MYR,1200,3500,4200000,beli
2025-04-30,SGD,50,12300,615000,beli
2025-04-30,MYR,45,3200,144000,beli
2025-04-30,MYR,10,2500,25000,beli
2025-04-30,SAR,100,4700,470000,jual
2025-04-30,SAR,100,4900,490000,jual
2025-04-30,MYR,700,3880,2716000,jual
2025-04-30,SAR,1500,4900,7350000,jual
2025-04-30,MYR,500,3500,1750000,beli
2025-04-30,MYR,150,3500,525000,beli
2025-03-01,BND,200,11500,2300000,beli
2025-03-01,SAR,375,4100,1537500,beli
2025-03-01,BND,300,11700,3510000,beli
2025-03-01,MYR,3000,3720,11160000,jual
2025-03-03,SAR,700,4100,2870000,beli
2025-03-03,MYR,381,3700,1409700,jual
2025-03-04,MYR,100,3450,345000,beli
2025-03-04,MYR,50,3100,155000,beli
2025-03-05,MYR,100,3500,350000,beli
2025-03-05,BND,600,11500,6900000,beli
2025-03-06,THB,6000,486,2916000,beli
2025-03-06,BND,1100,12200,13420000,jual
2025-03-06,MYR,100,3500,350000,beli
2025-03-06,MYR,50,3100,155000,beli
2025-03-06,SGD,6,10000,60000,beli
2025-03-06,THB,7000,493,3451000,jual
2025-03-07,MYR,600,3500,2100000,beli
2025-03-07,MYR,35,3200,112000,beli
2025-03-07,MYR,2,2500,5000,beli
2025-03-07,SGD,5,10000,50000,beli
2025-03-07,SGD,1000,11600,11600000,beli
2025-03-07,SGD,1000,12660,12660000,jual
2025-03-08,MYR,3000,3710,11130000,jual
2025-03-10,MYR,4050,3720,15066000,jual
2025-03-10,MYR,150,3450,517500,beli
2025-03-10,MYR,50,3100,155000,beli
2025-03-10,MYR,7,2500,17500,beli
2025-03-11,SAR,505,4100,2070500,beli
2025-03-11,SAR,340,4100,1394000,beli
2025-03-13,MYR,1500,3450,5175000,beli
2025-03-14,MYR,1500,3450,5175000,beli
2025-03-15,MYR,3000,3720,11160000,jual
2025-03-15,MYR,300,3500,1050000,beli
2025-03-15,MYR,20,3100,62000,beli
2025-03-16,MYR,1500,4100,6150000,beli
2025-03-17,MYR,3000,3715,11145000,jual
2025-03-17,MYR,200,3500,700000,beli
2025-03-17,MYR,800,3715,2972000,jual
2025-03-20,THB,15000,505,7575000,jual
2025-03-20,THB,14000,493.5,6909000,beli
2025-03-22,MYR,3000,3760,11280000,jual
2025-03-22,MYR,3000,3760,11280000,jual
2025-03-22,MYR,300,3500,1050000,beli
2025-03-22,USD,2000,15650,31300000,beli
2025-03-24,MYR,12000,3780,45360000,jual
2025-03-24,MYR,14000,3745,52430000,beli
2025-03-24,HKD,4500,2141,9634500,beli
2025-03-24,THB,20000,492.2,9844000,beli
2025-03-24,USD,2000,16525,33050000,jual
2025-03-24,SGD,2000,12365,24730000,jual
2025-03-24,USD,200,16510,3302000,jual
2025-03-24,MYR,1600,3450,5520000,beli
2025-03-24,SAR,1300,4600,5980000,jual
2025-03-24,HKD,4500,2150,9675000,jual
2025-03-24,SGD,1000,11700,11700000,beli
2025-03-24,SGD,1000,11800,11800000,beli
2025-03-24,THB,20080,498,9999840,jual
2025-03-25,THB,3140,450,1413000,beli
2025-03-26,THB,10040,498,4999920,jual
2025-02-01,MYR,400,3400,1360000,beli
2025-02-01,MYR,600,3400,2040000,beli
2025-02-01,SGD,300,11500,3450000,beli
2025-02-01,MYR,100,3400,340000,beli
2025-02-01,MYR,200,3400,680000,beli
2025-02-01,MYR,200,3400,680000,beli
2025-02-01,MYR,500,3400,1700000,beli
2025-02-03,MYR,100,3450,345000,beli
2025-02-03,MYR,75,3100,232500,beli
2025-02-03,MYR,500,3450,1725000,beli
2025-02-03,MYR,250,3400,850000,beli
2025-02-04,USD,100,16000,1600000,beli
2025-02-04,USD,60,15500,930000,beli
2025-02-04,MYR,500,3400,1700000,beli
2025-02-04,MYR,500,3400,1700000,beli
2025-02-04,MYR,600,3400,2040000,beli
2025-02-04,MYR,400,3450,1380000,beli
2025-02-05,MYR,400,3400,1360000,beli
2025-02-05,MYR,300,3400,1020000,beli
2025-02-05,MYR,50,3400,170000,beli
2025-02-05,MYR,300,3400,1020000,beli
2025-02-05,MYR,2400,3680,8832000,jual
2025-02-05,MYR,250,3450,862500,beli
2025-02-05,MYR,100,3450,345000,beli
2025-02-05,MYR,2,2500,5000,beli
2025-02-05,MYR,500,3400,1700000,beli
2025-02-06,MYR,50,3400,170000,beli
2025-02-06,MYR,50,3100,155000,beli
2025-02-06,MYR,150,3400,510000,beli
2025-02-06,MYR,700,3400,2380000,beli
2025-02-07,MYR,200,3400,680000,beli
2025-02-07,MYR,200,3400,680000,beli
2025-02-07,MYR,500,3400,1700000,beli
2025-02-07,MYR,350,3400,1190000,beli
2025-02-07,MYR,500,3400,1700000,beli
2025-02-08,MYR,400,3400,1360000,beli
2025-02-08,MYR,200,3400,680000,beli
2025-02-08,MYR,450,3450,1552500,beli
2025-02-08,MYR,200,3400,680000,beli
2025-02-08,MYR,1000,3400,3400000,beli
2025-02-08,MYR,15000,3710,55650000,jual
2025-02-08,MYR,600,3400,2040000,beli
2025-02-08,MYR,300,3400,1020000,beli
2025-02-08,MYR,500,3700,1850000,jual
2025-02-08,SGD,50,12075,603750,beli
2025-02-08,MYR,400,3400,1360000,beli
2025-02-09,MYR,500,3400,1700000,beli
2025-02-10,MYR,250,3400,850000,beli
2025-02-10,MYR,150,3400,510000,beli
2025-02-10,MYR,200,3400,680000,beli
2025-02-10,MYR,100,3400,340000,beli
2025-02-10,MYR,100,3400,340000,beli
2025-02-10,MYR,400,3400,1360000,beli
2025-02-10,MYR,300,3400,1020000,beli
2025-02-10,MYR,350,3400,1190000,beli
2025-02-10,MYR,200,3450,690000,beli
2025-02-10,MYR,20,3100,62000,beli
2025-02-10,USD,100,16000,1600000,beli
2025-02-10,MYR,500,3450,1725000,beli
2025-02-10,MYR,60,3100,186000,beli
2025-02-11,SGD,200,11500,2300000,beli
2025-02-11,THB,20000,489,9780000,beli
2025-02-11,MYR,200,3450,690000,beli
2025-02-11,MYR,150,3400,510000,beli
2025-02-11,MYR,300,3400,1020000,beli
2025-02-11,MYR,50,3450,172500,beli
2025-02-11,SAR,500,4000,2000000,beli
2025-02-12,SAR,250,4100,1025000,beli
2025-02-12,SGD,150,11500,1725000,beli
2025-02-12,MYR,200,3450,690000,beli
2025-02-12,MYR,10,3100,31000,beli
2025-02-12,MYR,1000,3450,3450000,beli
2025-02-12,MYR,50,3450,172500,beli
2025-02-12,MYR,100,3450,345000,beli
2025-02-13,MYR,100,3400,340000,beli
2025-02-13,MYR,100,3450,345000,beli
2025-02-13,MYR,20,3100,62000,beli
2025-02-13,MYR,3,2500,7500,beli
2025-02-13,MYR,200,3400,680000,beli
2025-02-13,MYR,500,3400,1700000,beli
2025-02-13,USD,120,15800,1896000,beli
2025-02-14,MYR,150,3400,510000,beli
2025-02-14,MYR,700,3675,2572500,jual
2025-02-14,MYR,500,3400,1700000,beli
2025-02-14,SGD,200,11550,2310000,beli
2025-02-14,USD,100,15800,1580000,beli
2025-02-15,MYR,700,3400,2380000,beli
2025-02-15,MYR,500,3400,1700000,beli
2025-02-15,MYR,500,3400,1700000,beli
2025-02-15,MYR,1500,3400,5100000,beli
2025-02-15,SAR,350,4100,1435000,beli
2025-02-17,MYR,600,3550,2130000,beli
2025-02-17,USD,60,16300,978000,jual
2025-02-17,MYR,100,3400,340000,beli
2025-02-17,MYR,100,3400,340000,beli
2025-02-17,MYR,100,3400,340000,beli
2025-02-17,MYR,500,3680,1840000,jual
2025-02-17,MYR,200,3400,680000,beli
2025-02-17,MYR,800,3400,2720000,beli
2025-02-17,MYR,400,3450,1380000,beli
2025-02-17,MYR,100,3450,345000,beli
2025-02-17,MYR,20,3100,62000,beli
2025-02-17,MYR,200,3450,690000,beli
2025-02-17,MYR,50,3450,172500,beli
2025-02-17,MYR,20,3100,62000,beli
2025-02-17,MYR,1,2500,2500,beli
2025-02-17,MYR,300,3550,1065000,beli
2025-02-18,MYR,300,3400,1020000,beli
2025-02-18,MYR,50,3450,172500,beli
2025-02-18,MYR,20,3100,62000,beli
2025-02-19,MYR,1000,3400,3400000,beli
2025-02-19,MYR,3000,3400,10200000,beli
2025-02-19,MYR,1000,3400,3400000,beli
2025-02-19,MYR,1000,3400,3400000,beli
2025-02-19,MYR,1500,3400,5100000,beli
2025-02-19,SGD,1500,12160,18240000,jual
2025-02-20,MYR,100,3400,340000,beli
2025-02-20,MYR,300,3400,1020000,beli
2025-02-21,MYR,200,3400,680000,beli
2025-02-21,MYR,15000,3400,51000000,jual
2025-02-21,MYR,600,3400,2040000,beli
2025-02-21,SAR,805,4000,3220000,beli
2025-02-22,MYR,400,3400,1360000,beli
2025-02-22,MYR,200,3400,680000,beli
2025-02-22,MYR,200,3400,680000,beli
2025-02-22,MYR,3000,3700,11100000,jual
2025-02-24,MYR,350,3450,1207500,beli
2025-02-24,MYR,30,3100,93000,beli
2025-02-24,MYR,500,3400,1700000,beli
2025-02-24,MYR,50,3450,172500,beli
2025-02-24,MYR,50,3100,155000,beli
2025-02-24,MYR,500,3400,1700000,beli
2025-02-25,MYR,200,3400,680000,beli
2025-02-25,MYR,600,3400,2040000,beli
2025-02-25,SAR,500,4500,2250000,jual
2025-02-25,MYR,200,3400,680000,beli
2025-02-25,BND,200,11700,2340000,beli
2025-02-25,MYR,410,3450,1414500,beli
2025-02-26,MYR,500,3400,1700000,beli
2025-02-26,MYR,350,3400,1190000,beli
2025-02-26,MYR,200,3400,680000,beli
2025-02-26,MYR,300,3400,1020000,beli
2025-02-26,MYR,300,3400,1020000,beli
2025-02-27,MYR,300,3400,1020000,beli
2025-02-27,MYR,10000,3680,36800000,jual
2025-02-27,MYR,250,3400,850000,beli
2025-02-27,USD,200,16400,3280000,jual
2025-02-27,BND,200,12215,2443000,jual
2025-02-27,SAR,45,4200,189000,beli
2025-02-28,MYR,100,3100,310000,beli
2025-02-28,MYR,8,2500,20000,beli
2025-02-28,MYR,150,3450,517500,beli
2025-02-28,SGD,300,11700,3510000,beli
2025-02-28,MYR,10000,3695,36950000,beli
2025-01-02,SAR,500,4500,2250000,jual
2025-01-02,SAR,210,4700,987000,jual
2025-01-02,SAR,255,4700,1198500,jual
2025-01-02,SAR,210,4700,987000,jual
2025-01-02,SAR,210,4700,987000,jual
2025-01-02,USD,100,15700,1570000,beli
2025-01-02,EUR,50,16200,810000,beli
2025-01-02,MYR,300,3400,1020000,beli
2025-01-03,MYR,500,3390,1695000,beli
2025-01-04,SAR,200,4500,900000,jual
2025-01-04,SAR,20,4700,94000,jual
2025-01-04,SGD,300,11500,3450000,beli
2025-01-07,SGD,500,11880,5940000,jual
2025-01-08,SGD,110,11500,1265000,beli
2025-01-08,MYR,100,3400,340000,beli
2025-01-09,SAR,400,4500,1800000,jual
2025-01-09,SAR,681,4700,3200700,jual
2025-01-09,SAR,400,4500,1800000,jual
2025-01-09,SAR,681,4700,3200700,jual
2025-01-10,MYR,400,3390,1356000,beli
2025-01-10,MYR,200,3390,678000,beli
2025-01-10,MYR,500,3400,1700000,beli
2025-01-10,MYR,200,3400,680000,beli
2025-01-11,MYR,200,3400,680000,beli
2025-01-11,MYR,20,3100,62000,beli
2025-01-11,MYR,100,3400,340000,beli
2025-01-11,MYR,300,3400,1020000,beli
2025-01-13,EUR,50,16610,830500,jual
2025-01-13,USD,100,16260,1626000,jual
2025-01-13,SAR,2000,4395,8790000,beli
2025-01-13,SAR,2000,4415,8830000,beli
2025-01-13,SAR,1500,4540,6810000,beli
2025-01-14,MYR,150,3400,510000,beli
2025-01-15,MYR,550,3400,1870000,beli
2025-01-15,MYR,130,3100,403000,beli
2025-01-15,MYR,8,2500,20000,beli
2025-01-15,SAR,40,4050,162000,beli
2025-01-15,MYR,200,3390,678000,beli
2025-01-15,MYR,150,3400,510000,beli
2025-01-16,MYR,150,3390,508500,beli
2025-01-16,MYR,1350,3650,4927500,jual
2025-01-17,SAR,420,4750,1995000,jual
2025-01-17,MYR,500,3400,1700000,beli
2025-01-18,MYR,100,3400,340000,beli
2025-01-18,MYR,35,3100,108500,beli
2025-01-18,MYR,350,3390,1186500,beli
2025-01-18,SAR,100,4750,475000,jual
2025-01-18,SAR,100,4750,475000,jual
2025-01-18,SAR,100,4750,475000,jual
2025-01-18,SAR,100,4750,475000,jual
2025-01-18,SAR,600,4550,2730000,jual
2025-01-18,SAR,480,4750,2280000,jual
2025-01-18,MYR,50,3400,170000,beli
2025-01-18,MYR,35,3100,108500,beli
2025-01-20,SGD,800,11960,9568000,jual
2025-01-20,MYR,400,3675,1470000,jual
2025-01-20,MYR,250,3390,847500,beli
2025-01-20,MYR,500,3390,1695000,beli
2025-01-21,MYR,500,3400,1700000,beli
2025-01-21,MYR,100,3400,340000,beli
2025-01-21,MYR,100,3400,340000,beli
2025-01-21,MYR,20,3100,62000,beli
2025-01-21,MYR,200,3390,678000,beli
2025-01-21,MYR,400,3400,1360000,beli
2025-01-21,MYR,350,3400,1190000,beli
2025-01-21,MYR,50,3450,172500,beli
2025-01-21,MYR,15,3100,46500,beli
2025-01-21,MYR,2,2500,5000,beli
2025-01-21,SGD,50,11500,575000,beli
2025-01-22,MYR,350,3400,1190000,beli
2025-01-22,MYR,35,3100,108500,beli
2025-01-22,MYR,100,3450,345000,beli
2025-01-22,MYR,350,3400,1190000,beli
2025-01-22,SAR,400,4000,1600000,beli
2025-01-22,SAR,300,4000,1200000,beli
2025-01-22,SGD,150,11500,1725000,beli
2025-01-22,MYR,400,3400,1360000,beli
2025-01-22,MYR,200,3400,680000,beli
2025-01-23,MYR,200,3400,680000,beli
2025-01-23,MYR,200,3400,680000,beli
2025-01-23,MYR,200,3400,680000,beli
2025-01-23,MYR,100,3400,340000,beli
2025-01-23,MYR,200,3400,680000,beli
2025-01-23,MYR,400,3400,1360000,beli
2025-01-24,SGD,400,12025,4810000,jual
2025-01-24,MYR,1100,3680,4048000,jual
2025-01-24,MYR,400,3450,1380000,beli
2025-01-24,MYR,300,3400,1020000,beli
2025-01-24,MYR,150,3450,517500,beli
2025-01-24,MYR,10,3100,31000,beli
2025-01-24,MYR,100,3450,345000,beli
2025-01-24,MYR,30,3100,93000,beli
2025-01-25,MYR,1000,3640,3640000,jual
2025-01-25,MYR,200,3400,680000,beli
2025-01-28,MYR,100,3400,340000,beli
2025-01-28,MYR,600,3400,2040000,beli
2025-01-28,MYR,200,3400,680000,beli
2025-01-28,MYR,150,3400,510000,beli
2025-01-28,MYR,550,3400,1870000,beli
2025-01-28,SGD,100,12000,1200000,jual
2025-01-28,USD,100,16300,1630000,jual
2025-01-30,SGD,150,11500,1725000,beli
2025-01-30,SGD,300,11500,3450000,beli
2025-01-30,MYR,50,3450,172500,beli
2025-01-30,MYR,50,3100,155000,beli
2025-01-30,MYR,7,2500,17500,beli
2025-01-30,MYR,600,3450,2070000,beli
2025-01-30,MYR,10,3100,31000,beli
2025-01-31,USD,100,15700,1570000,beli
2025-01-31,SGD,300,11500,3450000,beli
2025-01-31,MYR,500,3400,1700000,beli
2025-01-31,MYR,100,3400,340000,beli
2025-01-31,MYR,500,3400,1700000,beli
2025-01-31,MYR,300,3400,1020000,beli
2025-01-31,MYR,200,3400,680000,beli
2025-01-31,MYR,300,3400,1020000,beli
2025-01-31,MYR,200,3400,680000,beli
2025-01-31,MYR,50,3450,172500,beli
2025-01-31,MYR,25,3100,77500,beli
2025-01-31,MYR,100,3450,345000,beli
2025-01-31,MYR,50,3450,172500,beli
2024-01-02,MYR,50,3200,160000,beli
2024-01-02,MYR,8,2500,20000,beli
2024-01-02,SGD,2,9000,18000,beli
2024-01-02,SAR,890,4500,4005000,jual
2024-01-03,MYR,50,3200,160000,beli
2024-01-05,MYR,750,3200,2400000,beli
2024-01-05,MYR,960,3125,3000000,beli
2024-01-07,SAR,1000,3800,3800000,beli
2024-01-08,MYR,300,3125,937500,beli
2024-01-08,MYR,1000,3125,3125000,beli
2024-01-08,MYR,500,3125,1562500,beli
2024-01-10,MYR,600,3125,1875000,beli
2024-01-10,MYR,200,3125,625000,beli
2024-01-10,MYR,640,3125,2000000,beli
2024-01-11,MYR,500,3125,1562500,beli
2021-01-11,MYR,500,3125,1562500,beli
2024-01-12,MYR,400,3125,1250000,beli
2024-01-12,MYR,100,3125,312500,beli
2024-01-12,SAR,440,4550,2002000,jual
2024-01-12,MYR,200,3200,640000,beli
2024-01-13,MYR,320,3125,1000000,beli
2024-01-13,MYR,300,3125,937500,beli
2024-01-13,MYR,500,3200,1600000,beli
2024-01-13,MYR,20,3000,60000,beli
2024-01-13,MYR,1,2500,2500,beli
2024-01-15,MYR,300,3395,1018500,jual
2024-01-15,SGD,50,11800,590000,jual
2024-01-15,MYR,160,3125,500000,beli
2024-01-15,MYR,300,3200,960000,beli
2024-01-15,MYR,35,3000,105000,beli
2024-01-15,MYR,150,3200,480000,beli
2024-01-15,MYR,300,3200,960000,beli
2024-01-15,MYR,40,3000,120000,beli
2024-01-15,MYR,150,3200,480000,beli
2024-01-15,MYR,30,3000,90000,beli
2024-01-15,MYR,5,2500,12500,beli
2024-01-15,MYR,3000,3380,10140000,jual
2024-01-16,MYR,150,3200,480000,beli
2024-01-16,MYR,55,3200,176000,beli
2024-01-16,SAR,5,3500,17500,beli
2024-01-16,MYR,5,3000,15000,beli
2024-01-16,MYR,4,2500,10000,beli
2024-01-16,MYR,100,3200,320000,beli
2024-01-16,MYR,10,3000,30000,beli
2024-01-16,MYR,50,3200,160000,beli
2024-01-16,MYR,300,3200,960000,beli
2024-01-17,MYR,150,3200,480000,beli
2024-01-22,MYR,100,3125,312500,beli
2024-01-22,MYR,550,3200,1760000,beli
2024-01-22,MYR,50,3000,150000,beli
2024-01-22,MYR,100,3200,320000,beli
2024-01-22,MYR,100,3200,320000,beli
2024-01-22,AUD,515,10000,5150000,beli
2024-01-22,AUD,100,10000,1000000,jual
2024-01-22,MYR,6000,3340,20040000,jual
2024-01-23,MYR,16,2500,40000,beli
2024-01-23,MYR,5,2500,12500,beli
2024-01-23,MYR,20,3000,60000,beli
2024-01-24,MYR,350,3200,1120000,beli
2024-01-24,CNY,300,2000,600000,beli
2024-01-24,MYR,1500,3174,4761000,beli
2024-01-24,USD,100,15200,1520000,beli
2024-01-25,MYR,90,3000,270000,beli
2024-01-25,MYR,10,3000,30000,beli
2024-01-25,MYR,7,2500,17500,beli
2024-01-25,MYR,300,3200,960000,beli
2024-01-25,MYR,30,3000,90000,beli
2024-01-26,SGD,30,11000,330000,beli
2024-01-26,MYR,320,3125,1000000,beli
2024-01-26,USD,200,15100,3020000,beli
2024-01-26,MYR,100,3125,312500,beli
2024-01-26,SGD,200,11200,2240000,beli
2024-01-26,SGD,200,11200,2240000,beli
2024-01-26,MYR,320,3125,1000000,beli
2024-01-26,SAR,550,4550,2502500,jual
2024-01-26,MYR,100,3200,320000,beli
2024-01-27,MYR,500,3125,1562500,beli
2024-01-27,MYR,1000,3125,3125000,beli
2024-01-27,MYR,100,3125,312500,beli
2024-01-27,MYR,100,3125,312500,beli
2024-01-27,MYR,100,3125,312500,beli
2024-01-27,MYR,50,3200,160000,beli
2024-01-27,MYR,70,3000,210000,beli
2024-01-27,MYR,200,3200,640000,beli
2024-01-29,MYR,500,3200,1600000,beli
2024-01-29,MYR,1000,3200,3200000,beli
2024-02-03,MYR,10000,3390,33900000,jual
2024-02-03,MYR,100,3125,312500,beli
2024-02-03,MYR,50,3200,160000,beli
2024-02-03,MYR,5,3000,15000,beli
2024-02-03,MYR,200,3125,625000,beli
2024-02-03,MYR,500,3125,1562500,beli
2024-02-03,SAR,435,4600,2001000,jual
2024-02-03,MYR,300,3125,937500,beli
2024-02-03,MYR,300,3125,937500,beli
2024-02-03,MYR,640,3125,2000000,beli
2024-02-03,MYR,500,3125,1562500,beli
2024-02-03,MYR,500,3125,1562500,beli
2024-02-03,MYR,100,3125,312500,beli
2024-02-03,MYR,500,3125,1562500,beli
2024-02-03,SGD,50,11300,565000,beli
2024-02-03,USD,100,15100,1510000,beli
2024-02-03,MYR,400,3200,1280000,beli
2024-02-03,MYR,10,3000,30000,beli
2024-02-03,MYR,200,3200,640000,beli
2024-02-03,MYR,400,3125,1250000,beli
2024-02-03,MYR,300,3125,937500,beli
2024-02-03,MYR,150,3125,468750,beli
2024-02-03,MYR,100,3000,300000,beli
2024-02-03,MYR,9,2500,22500,beli
2024-02-05,MYR,350,3125,1093750,beli
2024-02-05,MYR,50,3200,160000,beli
2024-02-05,MYR,10,3000,30000,beli
2024-02-05,MYR,5,2500,12500,beli
2024-02-05,MYR,50,3200,160000,beli
2024-02-07,MYR,1500,3380,5070000,jual
2024-02-07,MYR,2000,3380,6760000,jual
2024-02-08,SAR,300,4000,1200000,beli
2024-02-08,SAR,400,4600,1840000,jual
2024-02-09,MYR,300,3200,960000,beli
2024-02-09,MYR,30,3000,90000,beli
2024-02-09,MYR,4,2500,10000,beli
2024-02-10,SAR,650,4600,2990000,jual
2024-02-12,SGD,100,11300,1130000,beli
2024-02-12,SGD,100,11300,1130000,beli
2024-02-12,MYR,600,3350,2010000,jual
2024-02-12,MYR,320,3125,1000000,beli
2024-02-12,MYR,600,3360,2016000,jual
2024-02-12,USD,200,15200,3040000,beli
2024-02-12,SGD,200,11300,2260000,beli
2024-02-12,USD,100,15300,1530000,beli
2024-02-12,SGD,300,11300,3390000,beli
2024-02-12,SGD,500,11300,5650000,beli
2024-02-13,SGD,50,11200,560000,beli
2024-02-13,MYR,600,3200,1920000,beli
2024-02-13,MYR,450,3125,1406250,beli
2024-02-15,MYR,700,3125,2187500,beli
2024-02-15,MYR,400,3125,1250000,beli
2024-02-15,MYR,100,3125,312500,beli
2024-02-15,MYR,700,3125,2187500,beli
2024-02-15,MYR,100,3125,312500,beli
2024-02-16,MYR,100,3200,320000,beli
2024-02-16,MYR,25,3000,75000,beli
2024-02-16,MYR,100,3200,320000,beli
2024-02-16,MYR,200,3200,640000,beli
2024-02-16,MYR,75,3000,225000,beli
2024-02-17,MYR,500,3125,1562500,beli
2024-02-17,MYR,450,3125,1406250,beli
2024-02-17,MYR,500,3125,1562500,beli
2024-02-17,MYR,500,3125,1562500,beli
2024-02-17,MYR,300,3125,937500,beli
2024-02-17,MYR,100,3125,312500,beli
2024-02-17,MYR,100,3125,312500,beli
2024-02-17,MYR,250,3125,781250,beli
2024-02-17,MYR,300,3200,960000,beli
2024-02-17,MYR,15,3000,45000,beli
2024-02-17,MYR,500,3125,1562500,beli
2024-02-17,MYR,320,3125,1000000,beli
2024-02-17,MYR,100,3200,320000,beli
2024-02-19,MYR,200,3125,625000,beli
2024-02-19,MYR,330,3125,1031250,beli
2024-02-19,MYR,100,3125,312500,beli
2024-02-19,MYR,320,3125,1000000,beli
2024-02-19,MYR,64,3125,200000,beli
2024-02-19,MYR,320,3125,1000000,beli
2024-02-19,MYR,150,3145,471750,beli
2024-02-19,BND,500,11200,5600000,beli
2024-02-19,MYR,200,3125,625000,beli
2024-02-19,MYR,50,3200,160000,beli
2024-02-19,MYR,35,3000,105000,beli
2024-02-19,MYR,299,3340,998660,jual
2024-02-19,SAR,1000,4600,4600000,jual
2024-02-19,SAR,3500,4400,15400000,jual
2024-02-19,MYR,100,3200,320000,beli
2024-02-19,MYR,50,3000,150000,beli
2024-02-19,MYR,6,2500,15000,beli
2024-02-19,MYR,100,3200,320000,beli
2024-02-19,SAR,325,4600,1495000,jual
2024-02-19,MYR,10,2500,25000,beli
2024-02-20,SAR,110,4600,506000,jual
2024-02-20,MYR,320,3125,1000000,beli
2024-02-20,MYR,500,3125,1562500,beli
2024-02-20,MYR,320,3125,1000000,beli
2024-02-20,MYR,200,3125,625000,beli
2024-02-20,MYR,300,3125,937500,beli
2024-02-20,MYR,100,3200,320000,beli
2024-02-20,MYR,30,3000,90000,beli
2024-02-20,MYR,12,2500,30000,beli
2024-02-20,MYR,500,3125,1562500,beli
2024-02-20,MYR,50,3200,160000,beli
2024-02-21,MYR,320,3125,1000000,beli
2024-02-21,MYR,300,3125,937500,beli
2024-02-21,MYR,300,3125,937500,beli
2024-02-21,MYR,320,3125,1000000,beli
2024-02-21,MYR,320,3125,1000000,beli
2024-02-21,MYR,50,3200,160000,beli
2024-02-21,MYR,6,3000,18000,beli
2024-02-21,MYR,50,3200,160000,beli
2024-02-21,MYR,5,3000,15000,beli
2024-02-21,MYR,320,3125,1000000,beli
2024-02-22,MYR,200,3125,625000,beli
2024-02-22,MYR,150,3125,468750,beli
2024-02-23,MYR,200,3125,625000,beli
2024-02-23,MYR,50,3200,160000,beli
2024-02-23,SGD,50,11300,565000,beli
2024-02-23,MYR,500,3200,1600000,beli
2024-02-23,MYR,50,3000,150000,beli
2024-02-23,MYR,400,3125,1250000,beli
2024-02-23,MYR,320,3125,1000000,beli
2024-02-23,MYR,320,3125,1000000,beli
2024-02-23,MYR,320,3125,1000000,beli
2024-02-23,MYR,320,3125,1000000,beli
2024-02-23,USD,100,15800,1580000,jual
2024-02-23,MYR,100,3125,312500,beli
2024-02-23,MYR,250,3200,800000,beli
2024-02-23,MYR,4,2500,10000,beli
2024-02-23,USD,15,12000,180000,beli
2024-02-23,SAR,1550,4100,6355000,jual
2024-02-23,MYR,500,3125,1562500,beli
2024-02-23,SAR,60,4000,240000,beli
2024-02-23,MYR,200,3125,625000,beli
2024-02-23,MYR,200,3125,625000,beli
2024-02-23,MYR,50,3200,160000,beli
2024-02-23,MYR,30,3000,90000,beli
2024-02-23,MYR,3,2500,7500,beli
2024-02-23,MYR,300,3125,937500,beli
2024-02-24,MYR,400,3125,1250000,beli
2024-02-24,MYR,100,3125,312500,beli
2024-02-24,SAR,110,4600,506000,jual
2024-02-24,MYR,640,3125,2000000,beli
2024-02-24,MYR,200,3200,640000,beli
2024-02-24,MYR,50,3125,156250,beli
2024-02-24,MYR,20,3000,60000,beli
2024-02-24,MYR,160,3125,500000,beli
2024-02-24,MYR,400,3125,1250000,beli
2024-02-24,MYR,200,3125,625000,beli
2024-02-24,MYR,60,3125,187500,beli
2024-02-24,MYR,500,3125,1562500,beli
2024-02-24,MYR,50,3200,160000,beli
2024-02-24,MYR,5,3000,15000,beli
2024-02-24,MYR,4,2500,10000,beli
2024-02-26,MYR,500,3125,1562500,beli
2024-02-26,MYR,200,3125,625000,beli
2024-02-26,MYR,320,3125,1000000,beli
2024-02-26,MYR,200,3125,625000,beli
2024-02-26,MYR,100,3125,312500,beli
2024-02-26,MYR,160,3125,500000,beli
2024-02-26,MYR,200,3125,625000,beli
2024-02-26,MYR,320,3125,1000000,beli
2024-02-26,MYR,400,3200,1280000,beli
2024-02-26,MYR,10,3000,30000,beli
2024-02-26,MYR,200,3125,625000,beli
2024-02-26,BND,500,11200,5600000,beli
2024-02-26,MYR,300,3300,990000,jual
2024-02-26,MYR,50,3200,160000,beli
2024-02-26,MYR,15,3000,45000,beli
2024-02-26,MYR,1,2500,2500,beli
2024-02-26,MYR,200,3125,625000,beli
2024-02-26,MYR,100,3200,320000,beli
2024-02-26,MYR,350,3125,1093750,beli
2024-02-26,MYR,100,3200,320000,beli
2024-02-26,MYR,45,3000,135000,beli
2024-02-26,MYR,3,2500,7500,beli
2024-02-27,MYR,640,3125,2000000,beli
2024-02-27,MYR,200,3125,625000,beli
2024-02-27,MYR,100,3125,312500,beli
2024-02-27,MYR,100,3125,312500,beli
2024-02-27,MYR,8750,3300,28875000,jual
2024-02-27,MYR,35,3000,105000,beli
2024-02-27,MYR,7,2500,17500,beli
2024-02-27,SGD,200,11200,2240000,beli
2024-02-27,SGD,100,11200,1120000,beli
2024-02-27,MYR,50,3200,160000,beli
2024-02-27,MYR,10,3000,30000,beli
2024-02-27,MYR,14,2500,35000,beli
2024-02-27,SAR,140,4000,560000,beli
2024-02-27,MYR,100,3125,312500,beli
2024-02-27,MYR,130,3125,406250,beli
2024-02-28,MYR,200,3125,625000,beli
2024-02-28,MYR,350,3200,1120000,beli
2024-02-28,MYR,25,3000,75000,beli
2024-02-28,MYR,2,2500,5000,beli
2024-02-28,MYR,150,3200,480000,beli
2024-02-28,MYR,70,3000,210000,beli
2024-02-28,MYR,150,3125,468750,beli
2024-02-28,SAR,60,4000,240000,beli
2024-02-28,MYR,50,3200,160000,beli
2024-02-28,MYR,20,3000,60000,beli
2024-02-28,MYR,21,2500,52500,beli
2024-02-29,MYR,500,3125,1562500,beli
2024-02-29,MYR,160,3125,500000,beli
2024-02-29,MYR,300,3125,937500,beli
2024-02-29,MYR,230,3000,690000,beli
2024-02-29,MYR,1,2500,2500,beli
2024-02-29,SAR,3400,4400,14960000,jual
2024-02-29,SAR,1155,4600,5313000,jual
2024-02-29,MYR,50,3200,160000,beli
2024-02-29,MYR,160,3125,500000,beli
2024-02-29,THB,30000,444,13320000,jual
2024-02-29,MYR,100,3200,320000,beli
2024-03-01,MYR,200,3125,625000,beli
2024-03-01,BND,200,11200,2240000,beli
2024-03-01,MYR,200,3125,625000,beli
2024-03-01,MYR,250,3200,800000,beli
2024-03-01,MYR,30,3000,90000,beli
2024-03-01,MYR,512,3125,1600000,beli
2024-03-01,SGD,200,11300,2260000,beli
2024-03-01,SGD,100,11300,1130000,beli
2024-03-01,MYR,250,3200,800000,beli
2024-03-02,MYR,960,3125,3000000,beli
2024-03-02,MYR,100,3200,320000,beli
2024-03-02,MYR,5,3000,15000,beli
2024-03-02,MYR,3,2500,7500,beli
2024-03-02,SGD,300,11300,3390000,beli
2024-03-02,MYR,150,3125,468750,beli
2024-03-02,MYR,500,3125,1562500,beli
2024-03-02,MYR,350,3125,1093750,beli
2024-03-02,MYR,300,3200,960000,beli
2024-03-02,MYR,640,3125,2000000,beli
2024-03-02,MYR,320,3125,1000000,beli
2024-03-02,MYR,320,3125,1000000,beli
2024-03-04,MYR,500,3200,1600000,beli
2024-03-04,MYR,35,3000,105000,beli
2024-03-04,MYR,480,3125,1500000,beli
2024-03-04,MYR,30,3000,90000,beli
2024-03-04,MYR,640,3125,2000000,beli
2024-03-05,MYR,350,3200,1120000,beli
2024-03-05,MYR,25,3000,75000,beli
2024-03-05,MYR,200,3200,640000,beli
2024-03-05,MYR,110,3000,330000,beli
2024-03-06,MYR,200,3200,640000,beli
2024-03-06,MYR,200,3125,625000,beli
2024-03-06,MYR,50,3125,156250,beli
2024-03-07,MYR,250,3200,800000,beli
2024-03-07,MYR,50,3000,150000,beli
2024-03-07,MYR,150,3200,480000,beli
2024-03-07,MYR,30,3000,90000,beli
2024-03-07,MYR,3,2500,7500,beli
2024-03-07,MYR,200,3125,625000,beli
2024-03-07,MYR,100,3200,320000,beli
2024-03-08,MYR,300,3125,937500,beli
2024-03-08,MYR,250,3200,800000,beli
2024-03-12,MYR,150,3200,480000,beli
2024-03-12,MYR,130,3000,390000,beli
2024-03-12,MYR,2,2500,5000,beli
2024-03-16,CNY,20,1500,30000,beli
2024-03-16,MYR,50,3200,160000,beli
2024-03-16,MYR,10,3000,30000,beli
2024-03-16,SAR,290,4000,1160000,beli
2024-03-18,MYR,5000,3340,16700000,jual
2024-03-22,USD,20,14000,280000,beli
2024-03-22,USD,20,12000,240000,beli
2024-03-22,MYR,90,3000,270000,beli
2024-03-22,MYR,37,2500,92500,beli
2024-03-23,MYR,150,3200,480000,beli
2024-03-25,MYR,60,3000,180000,beli
2024-03-25,MYR,5,2500,12500,beli
2024-03-25,MYR,5,3000,15000,beli
2024-03-25,MYR,34,2500,85000,beli
2024-04-01,MYR,15,3000,45000,beli
2024-04-01,MYR,1,2500,2500,beli
2024-04-01,BND,2,9000,18000,beli
2024-04-01,KRW,1000,6,6000,beli
2024-04-01,MYR,20,3000,60000,beli
2024-04-01,MYR,2,2500,5000,beli
2024-04-01,SGD,2,10000,20000,beli
2024-04-02,SAR,446,4250,1895500,beli
2024-04-02,THB,260,350,91000,beli
2024-04-22,MYR,500,3174,1587000,beli
2024-04-23,SGD,200,11400,2280000,beli
2024-04-23,MYR,150,3174,476100,beli
2024-04-23,MYR,1500,3420,5130000,jual
2024-04-23,MYR,900,3420,3078000,jual
2024-04-24,THB,25000,441.75,11043750,beli
2024-04-23,MYR,300,3250,975000,beli
2024-04-23,THB,4720,455,2147600,jual
2024-04-24,THB,14000,455,6370000,jual
2024-04-25,THB,11000,455,5005000,jual
2024-04-25,MYR,1000,3175,3175000,beli
2024-04-25,MYR,400,3175,1270000,beli
2024-04-25,MYR,150,3250,487500,beli
2024-04-25,MYR,40,3000,120000,beli
2024-04-26,MYR,100,3175,317500,beli
2024-04-26,MYR,150,3175,476250,beli
2024-05-29,THB,5000,410,2050000,beli
2024-05-29,THB,3300,410,1353000,beli
2024-05-29,MYR,500,3174,1587000,beli
2024-05-29,MYR,100,3250,325000,beli
2024-05-29,MYR,200,3250,650000,beli
2024-05-29,MYR,10,3000,30000,beli
2024-04-30,MYR,100,3250,325000,beli
2024-04-30,MYR,40,3000,120000,beli
2024-04-30,MYR,3,2500,7500,beli
2024-05-01,MYR,300,3175,952500,beli
2024-05-01,USD,15,16300,244500,jual
2024-05-03,MYR,110,3175,349250,beli
2024-05-03,SGD,100,11500,1150000,beli
2024-05-03,MYR,300,3175,952500,beli
2024-05-03,MYR,100,3175,317500,beli
2024-05-03,MYR,200,3175,635000,beli
2024-05-03,USD,800,15900,12720000,beli
2024-05-03,USD,210,15800,3318000,beli
2024-05-03,USD,2,15000,30000,beli
2024-05-03,SAR,500,4500,2250000,jual
2024-05-03,SAR,540,4700,2538000,jual
2024-05-03,SGD,100,11500,1150000,beli
2024-05-03,THB,3700,430,1591000,beli
2024-05-03,MYR,150,3250,487500,beli
2024-05-03,MYR,40,3000,120000,beli
2024-05-04,MYR,200,3175,635000,beli
2024-05-04,MYR,100,3175,317500,beli
2024-05-04,MYR,100,3175,317500,beli
2024-05-04,MYR,300,3175,952500,beli
2024-05-04,MYR,150,3175,476250,beli
2024-05-04,MYR,150,3175,476250,beli
2024-05-04,SGD,10,11000,110000,beli
2024-05-04,MYR,200,3175,635000,beli
2024-05-04,MYR,200,3175,635000,beli
2024-05-04,MYR,100,3175,317500,beli
2024-05-04,MYR,50,3250,162500,beli
2024-05-04,MYR,40,3000,120000,beli
2024-05-04,MYR,3,2500,7500,beli
2024-05-04,MYR,150,3250,487500,beli
2024-05-04,MYR,20,3000,60000,beli
2024-05-04,MYR,450,3175,1428750,beli
2024-05-06,MYR,200,3175,635000,beli
2024-05-06,MYR,500,3175,1587500,beli
2024-05-06,MYR,100,3250,325000,beli
2024-05-06,MYR,100,3175,317500,beli
2024-05-06,SAR,2148,4100,8806800,beli
2024-05-06,SAR,21,3000,63000,beli
2024-05-07,MYR,400,3175,1270000,beli
2024-05-08,USD,5,16200,81000,jual
2024-05-10,MYR,50,3250,162500,beli
2024-05-10,MYR,1,2500,2500,beli
2024-05-11,MYR,400,3175,1270000,beli
2024-05-11,MYR,800,3175,2540000,beli
2024-05-11,SAR,1065,4700,5005500,jual
2024-05-11,SAR,215,4700,1010500,jual
2024-05-11,SAR,215,4700,1010500,jual
2024-05-11,SAR,215,4700,1010500,jual
2024-05-13,MYR,500,3175,1587500,beli
2024-05-13,MYR,320,3175,1016000,beli
2024-05-14,MYR,300,3175,952500,beli
2024-05-16,SGD,134,11950,1601300,jual
2024-05-16,SAR,91,5500,500500,jual
2024-05-16,SGD,200,11500,2300000,beli
2024-05-16,SAR,205,4100,840500,beli
2024-05-18,SAR,140,4700,658000,jual
2024-05-18,USD,16,15900,254400,jual
2024-05-18,MYR,50,3000,150000,beli
2024-05-18,MYR,30,2500,75000,beli
2024-05-20,MYR,250,3200,800000,beli
2024-05-20,MYR,200,3200,640000,beli
2024-05-21,SGD,200,11500,2300000,beli
2024-05-21,MYR,200,3200,640000,beli
2024-05-21,MYR,100,3200,320000,beli
2024-05-21,SAR,2128,4700,10001600,jual
2024-05-21,SAR,200,4500,900000,jual
2024-05-21,SAR,3000,4700,14100000,jual
2024-05-21,MYR,450,3250,1462500,beli
2024-05-21,MYR,2,2500,5000,beli
2024-05-21,MYR,400,3200,1280000,beli
2024-05-22,MYR,265,3200,848000,beli
2024-05-22,SAR,3000,4400,13200000,beli
2024-05-22,THB,10000,444,4440000,beli
2024-05-22,MYR,600,3200,1920000,beli
2024-05-22,MYR,600,3200,1920000,beli
2024-05-24,MYR,500,3200,1600000,beli
2024-05-24,MYR,400,3200,1280000,beli
2024-05-24,MYR,150,3200,480000,beli
2024-05-24,SAR,450,4700,2115000,jual
2024-05-24,MYR,600,3200,1920000,beli
2024-05-25,MYR,500,3200,1600000,beli
2024-05-25,MYR,200,3200,640000,beli
2024-05-25,MYR,100,3250,325000,beli
2024-05-25,SAR,400,4500,1800000,jual
2024-05-25,MYR,200,3250,650000,beli
2024-05-25,MYR,10,3000,30000,beli
2024-05-25,USD,40,15500,620000,beli
2024-05-25,SGD,100,11500,1150000,beli
2024-05-27,MYR,350,3250,1137500,beli
2024-05-27,MYR,20,3000,60000,beli
2024-05-27,MYR,3,2500,7500,beli
2024-05-27,MYR,500,3200,1600000,beli
2024-05-27,MYR,100,3200,320000,beli
2024-05-27,MYR,100,3200,320000,beli
2024-05-27,MYR,100,3200,320000,beli
2024-05-27,MYR,200,3200,640000,beli
2024-05-27,MYR,150,3200,480000,beli
2024-05-27,MYR,100,3200,320000,beli
2024-05-27,USD,20,12000,240000,beli
2024-05-27,MYR,450,3250,1462500,beli
2024-05-27,MYR,40,3000,120000,beli
2024-05-27,MYR,200,3200,640000,beli
2024-05-28,MYR,200,3200,640000,beli
2024-05-28,MYR,200,3200,640000,beli
2024-05-28,MYR,150,3200,480000,beli
2024-05-28,MYR,400,3200,1280000,beli
2024-05-28,MYR,250,3250,812500,beli
2024-05-28,MYR,55,3000,165000,beli
2024-05-28,MYR,1,2500,2500,beli
2024-05-28,SGD,90,11500,1035000,beli
2024-05-28,MYR,50,3250,162500,beli
2024-05-29,MYR,500,3200,1600000,beli
2024-05-29,MYR,100,3250,325000,beli
2024-05-29,MYR,500,3225,1612500,beli
2024-05-29,MYR,500,3250,1625000,beli
2024-05-29,MYR,90,3000,270000,beli
2024-05-29,MYR,700,3200,2240000,beli
2024-05-29,MYR,550,3250,1787500,beli
2024-05-29,MYR,20,3000,60000,beli
2024-05-29,MYR,14,2500,35000,beli
2024-05-29,MYR,50,3250,162500,beli
2024-05-29,MYR,90,3000,270000,beli
2024-05-29,MYR,400,3200,1280000,beli
2024-05-29,MYR,350,3200,1120000,beli
2024-05-29,MYR,50,3250,162500,beli
2024-05-29,MYR,50,3250,162500,beli
2024-05-30,MYR,1000,3200,3200000,beli
2024-05-30,SGD,100,12000,1200000,jual
2024-05-30,MYR,500,3470,1735000,jual
2024-05-30,SGD,600,12050,7230000,jual
2024-05-30,MYR,2000,3470,6940000,jual
2024-05-31,SAR,500,4200,2100000,beli
2024-05-31,MYR,50,3250,162500,beli
2024-05-31,MYR,15,3000,45000,beli
2024-05-31,MYR,8,2500,20000,beli
2024-05-31,MYR,300,3200,960000,beli
2024-05-31,MYR,500,3200,1600000,beli
2024-05-31,MYR,1000,3475,3475000,jual
2024-05-31,MYR,500,3200,1600000,beli
2024-05-31,MYR,100,3250,325000,beli
2024-05-31,MYR,50,3000,150000,beli
2024-05-31,MYR,200,3200,640000,beli
2024-05-31,MYR,100,3250,325000,beli
2024-05-31,MYR,860,3475,2988500,jual
2024-05-31,MYR,100,3200,320000,beli
2024-05-31,MYR,300,3200,960000,beli
2024-06-01,MYR,200,3200,640000,beli
2024-06-01,MYR,250,3200,800000,beli
2024-06-01,MYR,100,3200,320000,beli
2024-06-01,MYR,1000,3200,3200000,beli
2024-06-01,MYR,350,3200,1120000,beli
2024-06-01,MYR,350,3200,1120000,beli
2024-06-01,USD,25,15500,387500,beli
2024-06-01,MYR,400,3200,1280000,beli
2024-06-01,MYR,200,3300,660000,beli
2024-06-02,MYR,100,3200,320000,beli
2024-06-02,MYR,25,3100,77500,beli
2024-06-03,CNY,3900,2247,8763300,beli
2024-06-03,CNY,4000,2275,9100000,jual
2024-06-03,SAR,315,4100,1291500,beli
2024-06-03,MYR,900,3225,2902500,beli
2024-06-03,MYR,300,3226,967800,beli
2024-06-03,MYR,70,3000,210000,beli
2024-06-03,MYR,5,2500,12500,beli
2024-06-03,SAR,25,4000,100000,beli
2024-06-03,SGD,10,11000,110000,beli
2024-06-03,MYR,55,3000,165000,beli
2024-06-03,MYR,19,2500,47500,beli
2024-06-03,MYR,100,3250,325000,beli
2024-06-03,MYR,15,3000,45000,beli
2024-06-03,MYR,3,2500,7500,beli
2024-06-03,MYR,150,3260,489000,beli
2024-06-03,MYR,150,3250,487500,beli
2024-06-03,MYR,100,3250,325000,beli
2024-06-03,MYR,10,3100,31000,beli
2024-06-03,MYR,960,3200,3072000,beli
2024-06-04,MYR,500,3250,1625000,beli
2024-06-04,MYR,60,3000,180000,beli
2024-06-04,MYR,150,3200,480000,beli
2024-06-04,MYR,500,3200,1600000,beli
2024-06-04,MYR,50,3300,165000,beli
2024-06-04,SAR,4550,4100,18655000,beli
2024-06-05,MYR,150,3250,487500,beli
2024-06-05,MYR,20,3000,60000,beli
2024-06-05,MYR,5,2500,12500,beli
2024-06-07,MYR,5000,3480,17400000,jual
2024-06-07,MYR,40,3000,120000,beli
2024-06-07,MYR,10000,3485,34850000,jual
2024-06-07,MYR,250,3210,802500,beli
2024-06-08,MYR,1000,3200,3200000,beli
2024-06-08,MYR,500,3200,1600000,beli
2024-06-08,USD,100,15600,1560000,beli
2024-06-08,USD,59,12000,708000,beli
2024-06-08,MYR,100,3200,320000,beli
2024-06-08,MYR,2000,3200,6400000,beli
2024-06-08,MYR,100,3250,325000,beli
2024-06-08,MYR,15,3000,45000,beli
2024-06-08,MYR,65,3000,195000,beli
2024-06-08,SGD,10,10000,100000,beli
2024-06-08,MYR,100,3250,325000,beli
2024-06-08,MYR,20,3000,60000,beli
2024-06-08,MYR,200,3200,640000,beli
2024-06-10,USD,200,15700,3140000,beli
2024-06-10,SGD,100,11500,1150000,beli
2024-06-11,THB,1160,400,464000,beli
2024-06-11,MYR,100,3200,320000,beli
2024-06-11,MYR,300,3200,960000,beli
2024-06-12,MYR,20,3000,60000,beli
2024-06-12,MYR,5,2500,12500,beli
2024-06-12,SAR,1,3500,3500,beli
2024-06-12,SGD,2,8000,16000,beli
2024-06-12,MYR,150,3200,480000,beli
2024-06-12,MYR,30,3000,90000,beli
2024-06-12,SGD,100,12100,1210000,jual
2024-06-13,MYR,110,3200,352000,beli
2024-06-14,MYR,2000,3470,6940000,jual
2024-06-13,MYR,1000,3495,3495000,jual
2024-06-13,MYR,540,3495,1887300,jual
2024-06-19,MYR,500,3200,1600000,beli
2024-06-20,MYR,50,3300,165000,beli
2024-06-20,MYR,50,3300,165000,beli
2024-06-22,MYR,370,3200,1184000,beli
2024-06-24,MYR,1000,3225,3225000,beli
2024-06-24,MYR,600,3225,1935000,beli
2024-06-24,MYR,200,3300,660000,beli
2024-06-27,MYR,100,3300,330000,beli
2024-06-27,MYR,350,3300,1155000,beli
2024-06-27,MYR,30,3000,90000,beli
2024-06-29,MYR,100,3300,330000,beli
2024-06-29,MYR,25,3000,75000,beli
2024-06-29,MYR,3,2500,7500,beli
2024-07-01,MYR,500,3225,1612500,beli
2024-07-03,MYR,4000,3510,14040000,jual
2024-07-05,MYR,1000,3225,3225000,beli
2024-07-06,MYR,100,3300,330000,beli
2024-07-06,MYR,300,3300,990000,beli
2024-07-06,MYR,60,3000,180000,beli
2024-07-06,MYR,100,3300,330000,beli
2024-07-06,MYR,1000,3225,3225000,beli
2024-07-08,MYR,10000,3410,34100000,jual
2024-07-06,SAR,500,4000,2000000,beli
2024-07-06,MYR,400,3225,1290000,beli
2024-07-06,MYR,50,3225,161250,beli
2024-07-06,MYR,200,3225,645000,beli
2024-07-06,MYR,50,3225,161250,beli
2024-07-06,USD,100,16000,1600000,beli
2024-07-09,SGD,150,11900,1785000,beli
2024-07-09,MYR,510,3500,1785000,jual
2024-07-09,USD,100,16000,1600000,beli
2024-07-09,MYR,5682,3520,20000640,jual
2024-07-09,MYR,1000,3350,3350000,beli
2024-07-09,SAR,420,4750,1995000,jual
2024-07-10,BND,100,11600,1160000,beli
2024-07-10,BND,100,11600,1160000,beli
2024-07-10,BND,100,11000,1100000,beli
2024-07-10,SAR,200,4200,840000,beli
2024-07-10,SAR,1600,4200,6720000,beli
2024-07-11,MYR,50,3300,165000,beli
2024-07-11,MYR,55,3000,165000,beli
2024-07-11,MYR,1,2500,2500,beli
2024-07-11,SAR,220,4000,880000,beli
2024-07-11,USD,5,16300,81500,jual
2024-07-11,SAR,2150,4650,9997500,jual
2024-07-11,SGD,200,11700,2340000,beli
2024-07-15,MYR,400,3225,1290000,beli
2024-07-15,SGD,200,11700,2340000,beli
2024-07-15,MYR,350,3225,1128750,beli
2024-07-15,BND,200,11700,2340000,beli
2024-07-16,SGD,100,11750,1175000,beli
2024-07-16,BND,200,11700,2340000,beli
2024-07-17,MYR,5000,3490,17450000,jual
2024-07-16,MYR,50,3300,165000,beli
2024-07-16,MYR,20,3000,60000,beli
2024-07-16,MYR,100,3225,322500,beli
2024-07-16,SGD,10,10500,105000,beli
2024-07-16,MYR,1000,3225,3225000,beli
2024-07-16,MYR,1900,3225,6127500,beli
2024-07-16,EUR,20,15000,300000,beli
2024-07-16,MYR,500,3225,1612500,beli
2024-07-16,USD,100,15500,1550000,beli
2024-07-16,SAR,1075,4600,4945000,jual
2024-07-19,THB,4500,458,2061000,jual
2024-07-16,MYR,150,3300,495000,beli
2024-07-16,SAR,35,5800,203000,jual
2024-07-20,USD,50,15000,750000,beli
2024-07-20,MYR,200,3225,645000,beli
2024-07-20,MYR,250,3225,806250,beli
2024-07-20,MYR,3500,3490,12215000,jual
2024-07-23,MYR,200,3225,645000,beli
2024-07-23,MYR,250,3225,806250,beli
2024-07-24,MYR,2000,3350,6700000,beli
2024-07-24,MYR,100,3225,322500,beli
2024-07-25,THB,1000,410,410000,beli
2024-07-25,SGD,100,11700,1170000,beli
2024-07-25,SAR,100,4100,410000,beli
2024-07-26,MYR,200,3225,645000,beli
2024-07-26,MYR,800,3225,2580000,beli
2024-07-26,MYR,150,3300,495000,beli
2024-07-26,MYR,70,3000,210000,beli
2024-07-26,MYR,1,2500,2500,beli
2024-07-26,THB,8000,459,3672000,jual
2024-07-26,THB,40000,453.25,18130000,beli
2024-07-26,THB,20000,459,9180000,jual
2024-07-26,THB,10000,459,4590000,jual
2024-07-26,THB,3000,459,1377000,jual
2024-07-26,SGD,200,11700,2340000,beli
2024-07-26,MYR,100,3300,330000,beli
2024-07-26,MYR,45,3000,135000,beli
2024-07-26,MYR,4,2500,10000,beli
2024-07-26,SGD,200,11700,2340000,beli
2024-07-26,SGD,200,11700,2340000,beli
2024-07-26,MYR,50,3300,165000,beli
2024-07-26,MYR,30,3000,90000,beli
2024-07-26,MYR,4,2500,10000,beli
2024-07-26,MYR,100,3300,330000,beli
2024-07-26,MYR,25,3000,75000,beli
2024-07-26,MYR,200,3225,645000,beli
2024-07-27,MYR,350,3300,1155000,beli
2024-07-27,MYR,30,3000,90000,beli
2024-07-27,MYR,1000,3225,3225000,beli
2024-07-27,MYR,1000,3225,3225000,beli
2024-07-27,MYR,1000,3225,3225000,beli
2024-07-27,MYR,100,3300,330000,beli
2024-07-27,MYR,100,3300,330000,beli
2024-07-27,MYR,30,3000,90000,beli
2024-07-27,SAR,50,4000,200000,beli
2024-07-29,BND,300,11700,3510000,beli
2024-07-29,MYR,100,3300,330000,beli
2024-07-29,MYR,25,3000,75000,beli
2024-07-29,MYR,3,2500,7500,beli
2024-07-29,SAR,526,4750,2498500,jual
2024-07-29,MYR,50,3300,165000,beli
2024-07-29,MYR,15,3000,45000,beli
2024-07-29,MYR,2,2500,5000,beli
2024-07-30,MYR,150,3300,495000,beli
2024-07-31,MYR,100,3300,330000,beli
2024-07-31,MYR,10,3000,30000,beli
2024-07-31,MYR,1,2500,2500,beli
2024-07-31,SAR,155,4200,651000,beli
2024-07-31,MYR,100,3225,322500,beli
2024-07-31,USD,100,16000,1600000,beli
2024-07-31,SAR,250,4100,1025000,beli
2024-07-31,MYR,200,3300,660000,beli
2024-07-31,MYR,150,3300,495000,beli
2024-08-01,SAR,2900,4650,13485000,jual
2024-08-01,SAR,1372,4750,6517000,jual
2024-08-01,SAR,2000,4380,8760000,beli
2024-08-01,SAR,2000,4415,8830000,beli
2024-08-01,SAR,2000,4525,9050000,beli
2024-08-01,SAR,2000,4515,9030000,beli
2024-08-02,SAR,2000,4525,9050000,beli
2024-08-02,SAR,2000,4535,9070000,beli
2024-08-02,SGD,80,11800,944000,beli
2024-08-02,MYR,200,3300,660000,beli
2024-08-03,USD,300,15500,4650000,beli
2024-08-03,SGD,600,11700,7020000,beli
2024-08-05,SGD,1000,12180,12180000,jual
2024-08-05,SAR,2000,4390,8780000,beli
2024-08-05,SAR,2000,4480,8960000,beli
2024-08-05,SAR,2000,4490,8980000,beli
2024-08-05,SAR,3721,4750,17674750,jual
2024-08-05,SAR,500,4650,2325000,jual
2024-08-05,SAR,110,4000,440000,beli
2024-08-06,USD,600,16165,9699000,jual
2024-08-06,MYR,100,3400,340000,beli
2024-08-06,MYR,20,3100,62000,beli
2024-08-07,MYR,200,3333,666600,beli
2024-08-07,SGD,50,11700,585000,beli
2024-08-08,THB,7000,459,3213000,jual
2024-08-09,MYR,450,3400,1530000,beli
2024-08-09,SGD,600,11700,7020000,beli
2024-08-09,SGD,700,12040,8428000,jual
2024-08-10,MYR,400,3333,1333200,beli
2024-08-10,MYR,500,3333,1666500,beli
2024-08-10,MYR,50,3350,167500,beli
2024-08-10,MYR,30,3100,93000,beli
2024-08-10,MYR,50,3350,167500,beli
2024-08-10,MYR,10,3100,31000,beli
2024-08-10,SAR,1300,4600,5980000,jual
2024-08-10,SAR,430,4700,2021000,jual
2024-08-10,SAR,157,5700,894900,jual
2024-08-10,SAR,35,5700,199500,jual
2024-08-10,USD,200,15700,3140000,beli
2024-08-10,MYR,500,3333,1666500,beli
2024-08-10,MYR,1000,3333,3333000,beli
2024-08-12,MYR,200,3333,666600,beli
2024-08-12,MYR,100,3333,333300,beli
2024-08-12,SGD,50,11000,550000,beli
2024-08-12,USD,200,15700,3140000,beli
2024-08-13,THB,4000,410,1640000,beli
2024-08-13,SGD,800,12070,9656000,jual
2024-08-13,MYR,500,3333,1666500,beli
2024-08-13,MYR,100,3333,333300,beli
2024-08-13,MYR,150,3590,538500,jual
2024-08-13,MYR,300,3590,1077000,jual
2024-08-13,MYR,300,3590,1077000,jual
2024-08-13,SAR,835,4600,3841000,jual
2024-08-14,SAR,300,300,90000,jual
2024-08-14,MYR,1000,3333,3333000,beli
2024-08-14,MYR,800,3333,2666400,beli
2024-08-14,MYR,500,3333,1666500,beli
2024-08-14,MYR,400,3350,1340000,beli
2024-08-14,MYR,80,3100,248000,beli
2024-08-14,USD,100,15400,1540000,beli
2024-08-14,MYR,50,3350,167500,beli
2024-08-14,MYR,10,3100,31000,beli
2024-08-14,MYR,4,2500,10000,beli
2024-08-14,SGD,200,11700,2340000,beli
2024-08-14,MYR,50,3350,167500,beli
2024-08-14,MYR,45,3100,139500,beli
2024-08-14,MYR,100,3350,335000,beli
2024-08-14,MYR,200,3350,670000,beli
2024-08-14,MYR,50,3100,155000,beli
2024-08-15,SGD,500,11900,5950000,jual
2024-08-16,MYR,1000,3333,3333000,beli
2024-08-16,MYR,300,3350,1005000,beli
2024-08-16,MYR,100,3350,335000,beli
2024-08-16,MYR,10000,3550,35500000,jual
2024-08-19,SAR,425,4700,1997500,jual
2024-08-19,SAR,300,4600,1380000,jual
2024-08-19,SAR,250,4700,1175000,jual
2024-08-19,SAR,10,4700,47000,jual
2024-08-19,SAR,210,4700,987000,jual
2024-08-19,SAR,2,6000,12000,jual
2024-08-19,SAR,550,4700,2585000,jual
2024-08-19,SAR,425,4700,1997500,jual
2024-08-19,SAR,210,4700,987000,jual
2024-08-19,SAR,60,4700,282000,jual
2024-08-20,MYR,365,3333,1216545,beli
2024-08-20,SAR,217,4600,998200,jual
2024-08-22,SAR,700,4000,2800000,beli
2024-08-22,USD,100,15300,1530000,beli
2024-08-21,MYR,100,3333,333300,beli
2024-08-23,SGD,100,11600,1160000,beli
2024-08-23,MYR,400,3400,1360000,beli
2024-08-23,MYR,100,3350,335000,beli
2024-08-23,MYR,20,3100,62000,beli
2024-08-23,MYR,200,3333,666600,beli
2024-08-23,MYR,2000,3615,7230000,jual
2024-08-24,SAR,2500,4000,10000000,beli
2024-08-24,SAR,100,4000,400000,beli
2024-08-26,MYR,100,3350,335000,beli
2024-08-26,SAR,2609,4600,12001400,jual
2024-08-26,SAR,3500,4310,15085000,beli
2024-08-26,SAR,500,4300,2150000,beli
2024-08-26,MYR,9000,3560,32040000,jual
2024-08-26,MYR,250,3350,837500,beli
2024-08-26,MYR,20,3100,62000,beli
2024-08-26,MYR,50,3350,167500,beli
2024-08-26,MYR,10,3100,31000,beli
2024-08-27,MYR,250,3350,837500,beli
2024-08-27,MYR,25,3100,77500,beli
2024-08-27,MYR,3,2500,7500,beli
2024-08-27,SAR,100,5800,580000,jual
2024-08-28,SAR,1702,4000,6808000,beli
2024-08-28,MYR,3500,3600,12600000,jual
2024-08-28,SAR,1500,4550,6825000,jual
2024-08-28,SAR,700,4550,3185000,jual
2024-08-29,MYR,500,3333,1666500,beli
2024-08-29,MYR,500,3333,1666500,beli
2024-08-29,MYR,500,3333,1666500,beli
2024-08-29,MYR,1000,3200,3200000,beli
2024-08-29,MYR,2770,3610,9999700,jual
2024-08-30,MYR,100,3333,333300,beli
2024-08-30,MYR,30,3100,93000,beli
2024-08-30,MYR,100,3333,333300,beli
2024-08-30,MYR,400,3333,1333200,beli
2024-08-30,MYR,100,3350,335000,beli
2024-08-30,MYR,25,3100,77500,beli
2024-08-30,MYR,1,2500,2500,beli
2024-08-30,MYR,50,3333,166650,beli
2024-08-30,MYR,200,3333,666600,beli
2024-08-30,MYR,250,3350,837500,beli
2024-08-30,MYR,200,3333,666600,beli
2024-08-30,MYR,100,3350,335000,beli
2024-08-31,MYR,400,3333,1333200,beli
2024-08-31,SGD,50,11500,575000,beli
2024-08-31,MYR,200,3333,666600,beli
2024-09-03,MYR,50,3350,167500,beli
2024-09-03,SAR,220,4600,1012000,jual
2024-09-03,SAR,220,4600,1012000,jual
2024-09-03,MYR,3000,3590,10770000,jual
2024-09-03,HKD,1600,2010,3216000,beli
2024-09-03,HKD,1520,2030,3085600,jual
2024-09-04,THB,980,400,392000,beli
2024-09-04,MYR,50,3333,166650,beli
2024-09-04,MYR,35,3100,108500,beli
2024-09-04,MYR,4,2500,10000,beli
2024-09-04,MYR,200,3333,666600,beli
2024-09-04,SAR,51,5800,295800,jual
2024-09-04,SAR,805,4600,3703000,jual
2024-09-04,MYR,350,3333,1166550,beli
2024-09-04,MYR,100,3333,333300,beli
2024-09-04,THB,1210,420,508200,beli
2024-09-04,MYR,5000,3595,17975000,jual
2024-09-05,MYR,100,3350,335000,beli
2024-09-06,MYR,50,3350,167500,beli
2024-09-06,MYR,40,3100,124000,beli
2024-09-06,MYR,1000,3333,3333000,beli
2024-09-06,MYR,200,3350,670000,beli
2024-09-06,MYR,100,3100,310000,beli
2024-09-07,SAR,1087,4600,5000200,jual
2024-09-07,SAR,400,4500,1800000,jual
2024-09-07,MYR,300,3350,1005000,beli
2024-09-07,MYR,30,3100,93000,beli
2024-09-07,MYR,6,2500,15000,beli
2024-09-09,USD,500,15600,7800000,jual
2024-09-09,MYR,1000,3600,3600000,jual
2024-09-09,MYR,50,3350,167500,beli
2024-09-10,USD,100,15200,1520000,beli
2024-09-10,MYR,200,3333,666600,beli
2024-09-10,SGD,200,11600,2320000,beli
2024-09-10,MYR,100,3400,340000,beli
2024-09-10,MYR,10,3100,31000,beli
2024-09-10,MYR,557,3590,1999630,jual
2024-09-10,MYR,418,3595,1502710,jual
2024-09-10,MYR,278,3595,999410,jual
2024-09-10,MYR,1947,3595,6999465,jual
2024-09-10,MYR,836,3590,3001240,jual
2024-09-11,MYR,100,3350,335000,beli
2024-09-11,SGD,336,11925,4006800,jual
2024-09-12,MYR,100,3333,333300,beli
2024-09-12,MYR,200,3333,666600,beli
2024-09-12,MYR,1114,3590,3999260,jual
2024-09-12,MYR,100,3350,335000,beli
2024-09-13,SAR,110,4550,500500,jual
2024-09-14,SGD,300,11600,3480000,beli
2024-09-14,MYR,100,3333,333300,beli
2024-09-14,MYR,3000,3600,10800000,jual
2024-09-14,SGD,500,11500,5750000,beli
2024-09-17,MYR,200,3333,666600,beli
2024-09-17,MYR,200,3333,666600,beli
2024-09-17,MYR,100,3333,333300,beli
2024-09-17,MYR,50,3350,167500,beli
2024-09-17,MYR,35,3100,108500,beli
2024-09-17,MYR,50,3350,167500,beli
2024-09-17,MYR,50,3100,155000,beli
2024-09-17,SAR,400,4550,1820000,jual
2024-09-17,SAR,920,4550,4186000,jual
2024-09-17,SAR,100,4450,445000,jual
2024-09-18,MYR,100,3333,333300,beli
2024-09-18,MYR,30,3100,93000,beli
2024-09-18,MYR,400,3333,1333200,beli
2024-09-18,MYR,100,3333,333300,beli
2024-09-18,SAR,880,4550,4004000,jual
2024-09-18,SAR,880,4550,4004000,jual
2024-09-18,SAR,220,4550,1001000,jual
2024-09-18,SAR,220,4550,1001000,jual
2024-09-18,MYR,200,3333,666600,beli
2024-09-18,MYR,500,3333,1666500,beli
2024-09-18,MYR,100,3333,333300,beli
2024-09-18,MYR,200,3333,666600,beli
2024-09-19,MYR,150,3350,502500,beli
2024-09-19,MYR,1,2500,2500,beli
2024-09-19,MYR,550,3350,1842500,beli
2024-09-19,MYR,500,3333,1666500,beli
2024-09-19,MYR,200,3333,666600,beli
2024-09-19,MYR,50,3350,167500,beli
2024-09-19,MYR,5,3100,15500,beli
2024-09-19,MYR,50,3350,167500,beli
2024-09-19,MYR,10,3100,31000,beli
2024-09-19,MYR,150,3350,502500,beli
2024-09-19,MYR,250,3350,837500,beli
2024-09-19,MYR,55,3100,170500,beli
2024-09-19,MYR,1,2500,2500,beli
2024-09-19,MYR,50,3350,167500,beli
2024-09-19,MYR,250,3333,833250,beli
2024-09-19,MYR,500,3333,1666500,beli
2024-09-19,MYR,500,3333,1666500,beli
2024-09-19,MYR,200,3350,670000,beli
2024-09-19,MYR,250,3350,837500,beli
2024-09-19,MYR,10,3100,31000,beli
2024-09-19,MYR,250,3350,837500,beli
2024-09-19,MYR,40,3100,124000,beli
2024-09-19,MYR,160,3333,533280,beli
2024-09-19,MYR,100,3350,335000,beli
2024-09-19,MYR,40,3100,124000,beli
2024-09-19,MYR,2,2500,5000,beli
2024-09-19,MYR,500,3333,1666500,beli
2024-09-19,SAR,220,4550,1001000,jual
2024-09-19,MYR,150,3350,502500,beli
2024-09-20,MYR,200,3333,666600,beli
2024-09-20,MYR,100,3333,333300,beli
2024-09-20,MYR,250,3333,833250,beli
2024-09-20,SGD,300,11400,3420000,beli
2024-09-20,MYR,500,3333,1666500,beli
2024-09-20,MYR,100,3333,333300,beli
2024-09-20,SAR,100,4450,445000,jual
2024-09-20,SAR,561,4550,2552550,jual
2024-09-21,MYR,150,3350,502500,beli
2024-09-21,MYR,40,3100,124000,beli
2024-09-21,MYR,500,3333,1666500,beli
2024-09-21,MYR,150,3350,502500,beli
2024-09-23,MYR,300,3350,1005000,beli
2024-09-23,MYR,25,3100,77500,beli
2024-09-23,MYR,1,2500,2500,beli
2024-09-23,MYR,100,3350,335000,beli
2024-09-23,MYR,25,3100,77500,beli
2024-09-23,MYR,300,3350,1005000,beli
2024-09-23,MYR,5,3100,15500,beli
2024-09-24,MYR,100,3350,335000,beli
2024-09-24,MYR,10,3100,31000,beli
2024-09-24,MYR,3,2500,7500,beli
2024-09-25,MYR,550,3400,1870000,beli
2024-09-25,MYR,10,3100,31000,beli
2024-09-25,MYR,400,3400,1360000,beli
2024-09-26,MYR,50,3400,170000,beli
2024-09-26,MYR,650,3675,2388750,jual
2024-09-26,SAR,300,4450,1335000,jual
2024-09-26,SAR,335,4550,1524250,jual
2024-09-26,SAR,300,4450,1335000,jual
2024-09-26,SAR,335,4550,1524250,jual
2024-09-27,USD,50,14800,740000,beli
2024-09-27,MYR,500,3333,1666500,beli
2024-09-27,MYR,250,3400,850000,beli
2024-09-27,MYR,10,3100,31000,beli
2024-09-27,SGD,100,11400,1140000,beli
2024-09-28,MYR,200,3333,666600,beli
2024-09-28,MYR,200,3333,666600,beli
2024-09-28,MYR,100,3333,333300,beli
2024-09-28,MYR,50,3333,166650,beli
2024-09-28,MYR,100,3333,333300,beli
2024-09-28,MYR,50,3400,170000,beli
2024-09-30,MYR,100,3400,340000,beli
2024-09-30,MYR,500,3400,1700000,beli
2024-09-30,MYR,300,3390,1017000,beli
2024-09-30,MYR,1000,3680,3680000,jual
2024-10-01,MYR,50,3450,172500,beli
2024-10-01,MYR,30,3100,93000,beli
2024-10-02,MYR,100,3390,339000,beli
2024-10-02,MYR,100,3390,339000,beli
2024-10-02,SAR,1000,3900,3900000,beli
2024-10-02,SAR,505,3900,1969500,beli
2024-10-02,MYR,200,3450,690000,beli
2024-10-02,MYR,60,3100,186000,beli
2024-10-02,MYR,10,2500,25000,beli
2024-10-03,MYR,400,3390,1356000,beli
2024-10-04,SAR,65,4550,295750,jual
2024-10-04,MYR,300,3450,1035000,beli
2024-10-05,MYR,200,3390,678000,beli
2024-10-05,MYR,300,3390,1017000,beli
2024-10-05,MYR,50,3450,172500,beli
2024-10-05,MYR,40,3100,124000,beli
2024-10-05,MYR,600,3400,2040000,beli
2024-10-05,MYR,500,3400,1700000,beli
2024-10-05,MYR,1000,3400,3400000,beli
2024-10-05,SGD,100,11500,1150000,beli
2024-10-07,SGD,200,11500,2300000,beli
2024-10-07,MYR,600,3390,2034000,beli
2024-10-07,MYR,150,3450,517500,beli
2024-10-07,MYR,90,3100,279000,beli
2024-10-07,MYR,10000,3670,36700000,jual
2024-10-08,MYR,1000,3448,3448000,beli
2024-10-08,MYR,100,3450,345000,beli
2024-10-08,MYR,400,3685,1474000,jual
2024-10-08,MYR,150,3390,508500,beli
2024-10-08,SAR,1000,4215,4215000,beli
2024-10-08,SAR,1000,4235,4235000,beli
2024-10-08,SAR,2000,4350,8700000,beli
2024-10-08,SAR,300,4450,1335000,jual
2024-10-08,SAR,805,4550,3662750,jual
2024-10-08,SAR,300,4550,1365000,jual
2024-10-08,SAR,805,4550,3662750,jual
2024-10-08,USD,500,15630,7815000,jual
2024-10-08,SAR,2000,4137,8274000,jual
2024-10-09,MYR,500,3390,1695000,beli
2024-10-09,MYR,100,3450,345000,beli
2024-10-09,MYR,130,3390,440700,beli
2024-10-09,MYR,400,3390,1356000,beli
2024-10-10,MYR,550,3450,1897500,beli
2024-10-10,MYR,290,3100,899000,beli
2024-10-11,MYR,300,3390,1017000,beli
2024-10-11,MYR,542,3690,1999980,jual
2024-10-11,SAR,220,4550,1001000,jual
2024-10-11,MYR,300,3390,1017000,beli
2024-10-12,SGD,200,11500,2300000,beli
2024-10-12,MYR,100,3390,339000,beli
2024-10-12,MYR,50,3390,169500,beli
2024-10-12,MYR,200,3390,678000,beli
2024-10-12,SGD,100,11500,1150000,beli
2024-10-12,SGD,200,11500,2300000,beli
2024-10-12,SGD,200,11500,2300000,beli
2024-10-12,SGD,100,11500,1150000,beli
2024-10-14,MYR,150,3390,508500,beli
2024-10-14,MYR,200,3390,678000,beli
2024-10-14,MYR,100,3390,339000,beli
2024-10-14,MYR,100,3390,339000,beli
2024-10-14,MYR,100,3390,339000,beli
2024-10-14,THB,3000,410,1230000,beli
2024-10-14,THB,2000,410,820000,beli
2024-10-15,MYR,200,3200,640000,beli
2024-10-15,MYR,40,3200,128000,beli
2024-10-15,MYR,500,3500,1750000,beli
2024-10-15,MYR,110,3200,352000,beli
2024-10-15,SGD,10,10000,100000,beli
2024-10-15,SAR,300,4450,1335000,jual
2024-10-15,SAR,1465,4550,6665750,jual
2024-10-15,MYR,1000,3645,3645000,jual
2024-10-16,MYR,300,3390,1017000,beli
2024-10-16,MYR,400,3400,1360000,beli
2024-10-16,SAR,600,4000,2400000,beli
2024-10-16,SGD,50,11500,575000,beli
2024-10-17,MYR,500,3400,1700000,beli
2024-10-17,MYR,100,3400,340000,beli
2024-10-17,MYR,150,3400,510000,beli
2024-10-17,MYR,100,3450,345000,beli
2024-10-17,MYR,20,3100,62000,beli
2024-10-17,MYR,1000,3400,3400000,beli
2024-10-17,MYR,50,3400,170000,beli
2024-10-17,MYR,400,3450,1380000,beli
2024-10-18,MYR,200,3400,680000,beli
2024-10-18,MYR,250,3400,850000,beli
2024-10-18,MYR,250,3400,850000,beli
2024-10-19,THB,10000,476,4760000,jual
2024-10-19,MYR,300,3400,1020000,beli
2024-10-19,MYR,150,3450,517500,beli
2024-10-19,MYR,500,3400,1700000,beli
2024-10-21,MYR,150,3450,517500,beli
2024-10-22,MYR,150,3450,517500,beli
2024-10-22,SGD,200,11500,2300000,beli
2024-10-22,MYR,6000,3645,21870000,jual
2024-10-22,MYR,275,3650,1003750,jual
2024-10-23,MYR,2000,3640,7280000,jual
2024-10-23,MYR,50,3450,172500,beli
2024-10-23,MYR,300,3400,1020000,beli
2024-10-23,SGD,2500,11950,29875000,jual
2024-10-24,MYR,700,3500,2450000,beli
2024-10-24,MYR,137,3650,500050,jual
2024-10-24,SGD,20,11850,237000,jual
2024-10-24,MYR,100,3450,345000,beli
2024-10-24,SGD,4,10000,40000,beli
2024-10-25,MYR,300,3390,1017000,beli
2024-10-25,MYR,1000,3450,3450000,beli
2024-10-25,MYR,600,3390,2034000,beli
2024-10-25,MYR,250,3450,862500,beli
2024-10-25,USD,100,15100,1510000,beli
2024-10-25,USD,200,15100,3020000,beli
2024-10-25,MYR,100,3450,345000,beli
2024-10-25,MYR,40,3100,124000,beli
2024-10-25,MYR,4,2500,10000,beli
2024-10-26,MYR,350,3390,1186500,beli
2024-10-26,MYR,300,3390,1017000,beli
2024-10-26,MYR,400,3390,1356000,beli
2024-10-26,MYR,600,3390,2034000,beli
2024-10-26,SAR,100,4000,400000,beli
2024-10-26,SAR,330,4550,1501500,jual
2024-10-28,MYR,330,3390,1118700,beli
2024-10-28,MYR,150,3390,508500,beli
2024-10-28,SAR,610,4550,2775500,jual
2024-10-28,SAR,500,4450,2225000,jual
2024-10-28,MYR,100,3390,339000,beli
2024-10-28,MYR,50,3450,172500,beli
2024-10-28,SGD,50,11500,575000,beli
2024-10-29,MYR,800,3655,2924000,jual
2024-10-30,USD,100,15300,1530000,beli
2024-10-30,MYR,400,3390,1356000,beli
2024-10-30,MYR,500,3390,1695000,beli
2024-10-30,MYR,600,3390,2034000,beli
2024-10-30,MYR,150,3450,517500,beli
2024-10-30,MYR,10,3100,31000,beli
2024-10-30,MYR,5,2500,12500,beli
2024-10-30,THB,20000,471,9420000,beli
2024-10-30,THB,2000,478,956000,jual
2024-10-31,MYR,190,3390,644100,beli
2024-10-31,MYR,1000,3630,3630000,jual
2024-10-31,MYR,150,3450,517500,beli
2024-10-31,MYR,350,3390,1186500,beli
2024-10-31,MYR,180,3390,610200,beli
2024-10-31,MYR,100,3390,339000,beli
2024-11-01,MYR,150,3390,508500,beli
2024-11-01,MYR,400,3390,1356000,beli
2024-11-01,MYR,200,3450,690000,beli
2024-11-01,MYR,50,3100,155000,beli
2024-11-01,MYR,1000,3400,3400000,beli
2024-11-01,MYR,50,3450,172500,beli
2024-11-01,MYR,100,3450,345000,beli
2024-11-01,MYR,10,3100,31000,beli
2024-11-01,MYR,250,3390,847500,beli
2024-11-02,MYR,300,3390,1017000,beli
2024-11-02,MYR,300,3390,1017000,beli
2024-11-02,SAR,200,4450,890000,jual
2024-11-02,SGD,440,11900,5236000,jual
2024-11-02,MYR,300,3390,1017000,beli
2024-11-02,MYR,500,3390,1695000,beli
2024-11-02,MYR,200,3390,678000,beli
2024-11-03,MYR,100,3400,340000,beli
2024-11-03,MYR,250,3390,847500,beli
2024-11-03,MYR,25,3100,77500,beli
2024-11-03,MYR,4,2500,10000,beli
2024-11-04,MYR,200,3450,690000,beli
2024-11-04,MYR,50,3450,172500,beli
2024-11-04,MYR,50,3450,172500,beli
2024-11-04,MYR,30,3100,93000,beli
2024-11-04,MYR,250,3390,847500,beli
2024-11-04,MYR,50,3450,172500,beli
2024-11-04,SAR,440,4550,2002000,jual
2024-11-04,THB,23000,471,10833000,beli
2024-11-04,THB,21000,477,10017000,jual
2024-11-04,THB,10000,478,4780000,jual
2024-11-04,SGD,250,11940,2985000,jual
2024-11-05,SGD,200,11980,2396000,jual
2024-11-05,SAR,100,4400,440000,jual
2024-11-06,MYR,300,3450,1035000,beli
2024-11-06,SGD,100,11700,1170000,beli
2024-11-06,SGD,30,11000,330000,beli
2024-11-06,SGD,150,11600,1740000,beli
2024-11-06,SGD,65,11000,715000,beli
2024-11-06,MYR,150,3450,517500,beli
2024-11-07,SGD,170,11600,1972000,beli
2024-11-07,SAR,330,4550,1501500,jual
2024-11-08,MYR,1000,3610,3610000,jual
2024-11-11,SGD,100,11500,1150000,beli
2024-11-11,MYR,250,3390,847500,beli
2024-11-11,MYR,300,3390,1017000,beli
2024-11-11,MYR,300,3390,1017000,beli
2024-11-11,MYR,200,3390,678000,beli
2024-11-11,MYR,400,3390,1356000,beli
2024-11-11,MYR,50,3450,172500,beli
2024-11-11,MYR,25,3100,77500,beli
2024-11-12,USD,100,15200,1520000,beli
2024-11-12,MYR,500,3585,1792500,jual
2024-11-13,SGD,350,11500,4025000,beli
2024-11-13,MYR,1000,3600,3600000,jual
2024-11-18,SAR,500,4050,2025000,beli
2024-11-18,MYR,900,3400,3060000,beli
2024-11-19,MYR,600,3390,2034000,beli
2024-11-19,SGD,300,11500,3450000,beli
2024-11-19,SGD,100,11500,1150000,beli
2024-11-19,MYR,300,3390,1017000,beli
2024-11-19,MYR,200,3400,680000,beli
2024-11-19,MYR,30,3100,93000,beli
2024-11-19,MYR,1000,3580,3580000,beli
2024-11-20,MYR,50,3400,170000,beli
2024-11-20,MYR,15,2500,37500,beli
2024-11-20,MYR,3000,3585,10755000,jual
2024-11-20,SGD,300,11900,3570000,jual
2024-11-20,SAR,220,4550,1001000,jual
2024-11-21,MYR,500,3390,1695000,jual
2024-11-21,SGD,100,11950,1195000,jual
2024-11-21,THB,1000,470,470000,jual
2024-11-21,MYR,400,3400,1360000,beli
2024-11-21,SGD,100,11500,1150000,beli
2024-11-21,MYR,300,3390,1017000,beli
2024-11-21,MYR,50,3400,170000,beli
2024-11-22,SAR,300,4550,1365000,jual
2024-11-22,MYR,100,3390,339000,beli
2024-11-22,MYR,200,3390,678000,beli
2024-11-22,MYR,400,3390,1356000,beli
2024-11-22,MYR,100,3390,339000,beli
2024-11-22,MYR,3000,3575,10725000,jual
2024-11-22,MYR,300,3390,1017000,beli
2024-11-22,SGD,300,11500,3450000,beli
2024-11-22,MYR,50,3400,170000,beli
2024-11-22,MYR,10,3100,31000,beli
2024-11-23,MYR,200,3390,678000,beli
2024-11-23,THB,1000,475,475000,jual
2024-11-23,MYR,100,3600,360000,jual
2024-11-25,MYR,1391,3595,5000645,jual
2024-11-25,MYR,150,3400,510000,beli
2024-11-25,MYR,30,3100,93000,beli
2024-11-25,MYR,2086,3595,7499170,jual
2024-11-26,SGD,200,11500,2300000,beli
2024-11-30,MYR,100,3390,339000,beli
2024-11-30,MYR,600,3390,2034000,beli
2024-12-01,MYR,50,3400,170000,beli
2024-12-01,MYR,20,3100,62000,beli
2024-12-01,MYR,2,2500,5000,beli
2024-12-02,SAR,745,4050,3017250,beli
2024-12-03,MYR,120,3390,406800,beli
2024-12-03,MYR,50,3390,169500,beli
2024-12-04,MYR,100,3400,340000,beli
2024-12-04,MYR,40,3100,124000,beli
2024-12-04,MYR,3000,3610,10830000,jual
2024-12-04,MYR,500,3600,1800000,jual
2024-12-04,THB,800,450,360000,beli
2024-12-04,MYR,100,3450,345000,beli
2024-12-04,SGD,87,11500,1000500,beli
2024-12-05,MYR,1000,3620,3620000,jual
2024-12-06,MYR,100,3390,339000,beli
2024-12-06,THB,6300,46,289800,jual
2024-12-06,MYR,400,3390,1356000,beli
2024-12-06,MYR,1000,3610,3610000,jual
2024-12-06,MYR,50,3400,170000,beli
2024-12-06,MYR,100,3400,340000,beli
2024-12-07,MYR,150,3390,508500,beli
2024-12-07,MYR,300,3390,1017000,beli
2024-12-07,MYR,350,3390,1186500,beli
2024-12-07,SGD,100,11500,1150000,beli
2024-12-07,SAR,120,4000,480000,beli
2024-12-07,MYR,500,3390,1695000,beli
2024-12-07,MYR,600,3390,2034000,beli
2024-12-07,MYR,500,3390,1695000,beli
2024-12-07,MYR,200,3390,678000,beli
2024-12-07,MYR,200,3390,678000,beli
2024-12-09,MYR,200,3390,678000,beli
2024-12-09,MYR,200,3390,678000,beli
2024-12-10,BND,10,10000,100000,beli
2024-12-10,MYR,150,3400,510000,beli
2024-12-10,MYR,300,3390,1017000,beli
2024-12-10,MYR,200,3390,678000,beli
2024-12-12,MYR,600,3400,2040000,beli
2024-12-12,MYR,45,3100,139500,beli
2024-12-12,SAR,655,4600,3013000,jual
2024-12-13,MYR,300,3390,1017000,beli
2024-12-13,MYR,300,3390,1017000,beli
2024-12-13,MYR,400,3390,1356000,beli
2024-12-13,SGD,350,11900,4165000,jual
2024-12-13,MYR,150,3390,508500,beli
2024-12-14,MYR,400,3390,1356000,beli
2024-12-14,SGD,50,11500,575000,beli
2024-12-14,SGD,50,11500,575000,beli
2024-12-14,SGD,400,11500,4600000,beli
2024-12-15,MYR,1300,3600,4680000,jual
2024-12-15,MYR,250,3400,850000,beli
2024-12-15,MYR,50,3100,155000,beli
2024-12-16,SGD,1950,11890,23185500,jual
2024-12-16,SGD,250,11500,2875000,beli
2024-12-17,MYR,300,3390,1017000,beli
2024-12-17,MYR,400,3390,1356000,beli
2024-12-17,MYR,6916,3615,25001340,jual
2024-12-17,SAR,435,4600,2001000,jual
2024-12-17,MYR,500,3390,1695000,beli
2024-12-17,MYR,200,3390,678000,beli
2024-12-17,MYR,300,3390,1017000,beli
2024-12-17,MYR,300,3390,1017000,beli
2024-12-17,SGD,200,11500,2300000,beli
2024-12-17,SGD,200,11500,2300000,beli
2024-12-17,SGD,300,11500,3450000,beli
2024-12-18,MYR,250,3400,850000,beli
2024-12-18,MYR,60,3100,186000,beli
2024-12-18,MYR,1,2500,2500,beli
2024-12-18,MYR,500,3400,1700000,beli
2024-12-19,SAR,270,4100,1107000,beli
2024-12-19,SAR,4,3000,12000,beli
2024-12-19,SAR,185,4100,758500,beli
2024-12-19,SGD,500,12000,6000000,jual
2024-12-20,MYR,100,3400,340000,beli
2024-12-20,MYR,500,3400,1700000,beli
2024-12-20,SAR,425,4700,1997500,jual
2024-12-21,MYR,150,3400,510000,beli
2024-12-21,SGD,500,11500,5750000,beli
2024-12-21,SGD,100,11500,1150000,beli
2024-12-21,SGD,100,11500,1150000,beli
2024-12-21,MYR,120,3100,372000,beli
2024-12-21,SGD,200,11500,2300000,beli
2024-12-21,SGD,200,11500,2300000,beli
2024-12-21,SGD,100,11500,1150000,beli
2024-12-21,SGD,100,11500,1150000,beli
2024-12-21,SGD,150,11500,1725000,beli
2024-12-21,MYR,500,3400,1700000,beli
2024-12-23,MYR,553,535,194425,jual
2024-12-23,MYR,100,3400,340000,beli
2024-12-23,MYR,500,3400,1700000,beli
2024-12-23,SGD,50,11700,585000,beli
2024-12-23,MYR,150,3450,517500,beli
2024-12-23,MYR,30,3100,93000,beli
2024-12-23,MYR,1,2500,2500,beli
2024-12-23,MYR,150,3400,510000,beli
2024-12-26,MYR,100,3400,340000,beli
2024-12-26,MYR,10,3100,31000,beli
2024-12-27,SGD,1250,11970,14962500,jual
2024-12-27,SGD,100,11500,1150000,beli
2024-12-27,SGD,700,11500,8050000,beli
2024-12-28,MYR,200,3390,678000,beli
2024-12-30,MYR,410,3660,1500600,jual
2024-12-30,MYR,100,3390,339000,beli
2024-12-30,SGD,100,11500,1150000,beli
2024-12-30,MYR,1000,3635,3635000,jual
2024-12-31,MYR,150,3400,510000,beli
2024-12-31,MYR,55,3100,170500,beli